{
   "matches":[
    {
      "name":"Bologna vs Parma",
      "flashscore":"https://www.flashscore.com/match/football/bologna-0M9xNN8N/parma-6DxlaxHN/?mid=Cv4b8uQF",
      "scoreleo":"https://scoreleo.netlify.app/scores/match/3779346?leagueId=1264",
      "goalserve":"http://www.goalserve.com/getfeed/95c737cac1fe4839cdca08de0fc1f806/commentaries/match?id=3779346&league=1264&json=1"
    },
    {
      "name":"Lazio vs AC Milan",
      "flashscore":"https://www.flashscore.com/match/football/ac-milan-8Sa8HInO/lazio-URcSl02h/?mid=UcuV0FZA",
      "scoreleo":"https://scoreleo.netlify.app/scores/match/3779350?leagueId=1264",
      "goalserve":"http://www.goalserve.com/getfeed/95c737cac1fe4839cdca08de0fc1f806/commentaries/match?id=3779350&league=1264&json=1"
    },
    {
      "name":"Genk vs Anderlecht",
      "flashscore":"https://www.flashscore.com/match/football/anderlecht-vslqAKNo/genk-r3jWUIiN/?mid=jirUgEfR",
      "scoreleo":"https://scoreleo.netlify.app/scores/match/3796607?leagueId=1103",
      "goalserve":"http://www.goalserve.com/getfeed/95c737cac1fe4839cdca08de0fc1f806/commentaries/match?id=3796607&league=1103&json=1"
    } ,
      {
      "name":"Cartagena SAD vs Valencia",
      "flashscore":"https://www.flashscore.com/match/football/fc-cartagena-sad-IJyXDZ6C/valencia-CQeaytrD/?mid=GMgRHlrI",
      "scoreleo":"https://scoreleo.netlify.app/scores/match/3797972?leagueId=1397",
      "goalserve":"http://www.goalserve.com/getfeed/95c737cac1fe4839cdca08de0fc1f806/commentaries/match?id=3797972&league=1397&json=1"
    } , {
      "name":"Slavia Sofia SAD vs Levski Sofia",
      "flashscore":"https://www.flashscore.com/match/football/levski-sofia-E5OOzgs4/slavia-sofia-UopPSUlp/?mid=xfFh9ICU",
      "scoreleo":"https://scoreleo.netlify.app/scores/match/3749895?leagueId=1154",
      "goalserve":"http://www.goalserve.com/getfeed/95c737cac1fe4839cdca08de0fc1f806/commentaries/match?id=3749895&league=1154&json=1"
    } 
   
   ]
}